id;title;description;vocal;thumbnail
1;Washington;Garden Open-source invoice;purple;Palestinian Territory yellow Concrete
2;calculating bypassing Michigan;Officer;Music Gorgeous optimize;Producer
3;Fantastic Berkshire;West Virginia 24/7;Afghani;Ergonomic
4;Auto Loan Account;pricing structure Brand;PCI Netherlands Antillian Guilder yellow;Wooden compress black
5;Home Loan Account;Strategist Wooden Refined;Granite;Metal Electronics Cheese
6;algorithm implement;Sleek Branding Arkansas;Rustic incubate neural;Borders
7;Auto Loan Account Streets;Representative Checking Account motivating;Mouse Open-source;protocol Steel collaborative
8;Plaza Division;Implementation Saint Pierre and Miquelon Roads;withdrawal Group;Licensed Steel Bacon reboot
9;Cambridgeshire;zero administration deploy;zero administration Plastic;Stravenue Investment Account Borders
10;Ethiopian Birr compelling SAS;GB Granite;index;Jewelery Lebanese Pound Soft
